章,問題文,日本語1,ラテン語1,日本語2,ラテン語2,日本語3,ラテン語3
§1,"[ 1 ] とはあおむけのことである",背臥位,supine position,,,,
§1,"[ 1 ] の下縁をオトガイから外側後方に辿ると [ 2 ] という突出部がある",下顎骨,mandibula,下顎角,angulus mandibulae,,
§1,"外耳のすぐ後ろに側頭骨の [ 1 ] の存在を確認できる",乳様突起,proc.mastoideus,,,,
§1,"俗に言う のどぼとけ Adam's apple は [ 1 ] の高まりである",甲状軟骨,cartilago thyreoidea,,,,
§1,"[ 1 ] の内側近くに胸骨の [ 2 ] があり、外側近くには肩甲骨に属する [ 3 ] がある",鎖骨,clavicula,頚切痕,incisura jugularis,肩峰,acromion
§1,"骨の末端肥大を [ 1 ] という",先端巨大症,acromegalia,,,,
§1,"[ 1 ] では第2肋骨との連結の高さに相当して [ 2 ] という水平の高まりと下端に [ 3 ] がある",胸骨,sternum,胸骨角,angulus sterni,剣状突起,proc.xiphoideus
§1,"胸骨の下端には有対性の [ 1 ] があり、左右のそれが正中で作る角が [ 2 ] である",肋骨弓,arcus costalis,胸骨下角,angulus infrasternalis,,
§1,"腰部では体表から確認できる [ 1 ] の後方に [ 2 ] をたどることができる",上前腸骨棘,spina iliaca anterior superior,腸骨稜,crista iliaca,,
§1,"下腹部では [ 1 ] に触れることで [ 2 ] の位置を見当づける",恥骨結節,tuberculum pubicum,恥骨結合,symphysis pubica,,
§1,"[ 1 ] は俗にチクビと言われ、若い女性の遺体では [ 2 ] の開口も見える",乳頭,papilla mammae,乳管,ductus lactiferi,,
§1,"乳頭を輪状に取り巻く着色部が [ 1 ] であり、 [ 2 ] が粟粒に様に隆起して見えることがある",乳輪,areola mammae,乳輪腺,gll.areolares,,
§1,"女性の遺体の胸部では [ 1 ] が全体として高まっている",乳房,mamma,,,,
§1,"腹部の [ 1 ] には脂肪組織が少ないので太った遺体では周囲からくぼんでいる",臍,umbilicus,,,,
§1,"解剖学や臨床医学で短い距離を大まかに表現する尺度として [ 1 ] という単位をよく使う。1 横指＝1 本の指の幅(2cm 弱)",横指,finger breadth,,,,
§1,"正中から1横指以上離れた所で真皮のすぐ下に紙の様に薄い [ 1 ] と腹部の皮静脈がある",広頚筋,platysma,,,,
§1,"皮膚は [ 1 ] と [ 2 ] とで構成され、その下層に [ 3 ] がある",表皮,epidermis,真皮,corium,皮下組織,tela subcutanea
§2,"頚部の皮切りが十分薄く行われると [ 1 ] の下に [ 2 ] が白い筋膜をかぶって表れる",真皮,corium,広頚筋,platysma,,
§2,"広頚筋は顔面表情筋に属するので [ 1 ] であって [ 2 ] から起こり鎖骨下部で胸の皮膚(真皮)に付く",皮筋,cutaneous muscle,下顎骨,mandibula,,
§2,"筋の収縮時に、より多く動く方の付着部が [ 1 ] である",停止,insertion,,,,
§2,"女性の [ 1 ] の皮下の結合組織線維を取り去ると乳頭を中心とする円盤状の塊として固くて白い [ 2 ] の腺体が掘り出る",乳房,mamma,乳腺,gl.mammaria,,
§2,"乳腺には [ 1 ] の枝、 [ 2 ] の枝などが分布する",外側胸動脈,a.thoracica lateralis,肋間動脈,aa.intercostales,,
§2,"乳腺は皮膚に属する腺なので下層にある [ 1 ] との結合はゆるく容易くはがし取れる",胸筋筋膜,fascia pectoralis,,,,
§2,"生体では女性の乳腺は乳房と共に容易く動かせるが [ 1 ] が進行して下層の胸筋膜と癒着すると簡単には動かせなくなる",乳癌,breast cancer,,,,
§3,"[ 1 ] の外側から腋窩にかけての皮下には [ 2 ] という、動脈と伴行せず腹壁の皮静脈と吻合する皮静脈がある",乳輪,areola mammae,胸腹壁静脈,v.thoracoepigastrica,,
§3,"臍の外側下方の [ 1 ] は胸腹壁静脈と吻合し、臍に向かう何本かの細い枝は [ 2 ] と吻合する",浅腹壁静脈,v.epigastrica superficialis,臍傍静脈,vv.paraumbilicales,,
§3,"[ 1 ] に接する部位の皮下には [ 2 ] というもう1つの皮静脈があり胸腹壁静脈と浅腹壁静脈の枝と吻合する",腸骨稜,crista iliaca,浅腸骨回旋静脈,v.circumflexa ilium superficialis,,
§3,"首の根元から鎖骨部にかけたところで、 [ 1 ] という細い皮神経が何本か広頚筋を貫いて表皮に表れている",鎖骨上神経,nn.supraclaviculares,,,,
§3,"肋骨の外側縁のやや外側で各肋骨に対応して出てくる皮神経が [ 1 ] の [ 2 ] である",肋間神経,nn.intercostales,前皮枝,r.cutaneus anterior,,
§3,"肋間神経の前皮枝の部出には [ 1 ] の枝が目印となる",内胸動静脈,a.et v.thoracica interna,,,,
§3,"側胸部で各肋間に相当して上下に並んで皮下に肋間神経の [ 1 ] が表れ、これに [ 2 ] の枝が伴行する",外側皮枝,r.cutaneus lateralis,肋間動静脈,a.et v.intercostalis,,
§3,"強靭な結合組織で構成され、大胸筋の表層に表れる [ 1 ] は鎖骨と胸骨の表層でその [ 2 ] に癒合している",胸筋筋膜,fascia pectoralis,骨膜,periosteum,,
§3,"上肢を [ 1 ] させると [ 2 ] がのぞき込め、この皮下組織を取り除く時に [ 3 ] を観察できる",外転,abduct,腋窩,axilla,腋窩リンパ節,lnn.axillares
§3,"暗褐色～淡褐色の卵円形の塊であるリンパ節は [ 1 ] によって隣同士イモヅル式につながっている",リンパ管,vasa lymphatica,,,,
§3,"腋窩リンパ節の周り一帯にある錯走した強靭な結合組織の線維が [ 1 ] であり胸筋筋膜と互いに一続きに移行する",腋窩筋膜,fascia axillaris,,,,
§3,"女性では乳房から腋窩に向かってリンパ節が点々と連なったルートが [ 1 ] の場合に癌細胞が腋窩リンパ節へ [ 2 ] する道として臨床的に大切である",乳癌,breast cancer,転移,metastase,,
§3,"腋窩の後縁を構成する [ 1 ] は薄くて 3～4mm の厚さにすぎないことが多い",広背筋,m.latissimus dorsi,,,,
§3,"腹部にて脂肪に富む皮下組織を除去すると胸部での胸筋筋膜に相当する強靭な膜状の結合組織である [ 1 ] が出てくる",浅腹筋膜,fascia abdominalis superficialis,,,,
§4,"数本の [ 1 ] が鎖骨を乗り越え [ 2 ] を貫いて胸から肩にかけて皮膚に分布する",鎖骨上神経,nn.supraclaviculares,広頚筋,platysma,,
§4,"[ 1 ] を剥ぎながら [ 2 ] を部出する",胸筋筋膜,fascia pectoralis,大胸筋,m.pectoralis major,,
§4,"[ 1 ] という細長い小筋が大胸筋の上に乗っている変異が見られることがある",胸骨筋,m.sternalis,,,,
§4,"胸骨筋の起始は普通 [ 1 ] または第 3～7 肋軟骨で、停止は多くは胸鎖乳突筋か胸筋筋膜である",腹直筋鞘,vagina m.recti abdominis,,,,
§4,"大胸筋は [ 1 ] (鎖骨から起こる)、 [ 2 ] (胸骨および肋骨から起こる)、 [ 3 ] (腹直筋鞘から起こる)の3つの部分から起こりそれらが外側方で集まって上腕骨へ向かう",鎖骨部,pars clavicularis,胸肋部,pars sternocostalis,腹部,pars abdominalis
§4,"大胸筋の上外側縁には [ 1 ] が隣接する",三角筋,m.deltoideus,,,,
§4,"大胸筋と三角筋の境の溝は [ 1 ] で、その中に [ 2 ] がある",三角胸筋溝,sulcus deltoideopectoralis,橈側皮静脈,v.cephalica,,
§4,"橈側皮静脈から血を採ることを [ 1 ] という",瀉血,bloodletting,,,,
§4,"腋窩の前縁を大胸筋が作り、後縁を [ 1 ] が形成する",広背筋,m.latissimus dorsi,,,,
§4,"広背筋の前縁と大胸筋の外側縁との間を弓状に走る結合組織の線維が [ 1 ] であり両筋を結ぶ",線維性腋窩弓,fibrous axillary arch,,,,
§4,"数％の頻度で広背筋と大胸筋の間に筋線維束である [ 1 ] が見られ、 [ 2 ] とも呼ばれる",筋性腋窩弓,muscular axillary arch,ランゲル筋,Langer muscle,,
§4,"側胸部において上位の各肋骨(第 1～8or9)から起こって上外側後方に向かう筋が [ 1 ] である",前鋸筋,m.serratus anterior,,,,
§4,"側胸部で [ 1 ] の起始とかみ合うようにして肋骨から起こり内側下方に走って腹部に達する筋が [ 2 ] である",前鋸筋,m.serratus anterior,外腹斜筋,m.obliquus externus abdominis,,
§4,"腹部にて外腹斜筋を剖出する時、 [ 1 ] は剥ぐが [ 2 ] は取り去らない",浅腹筋膜,fascia abdominalis superficialis,浅腹壁静脈,v.epigastrica superficialis,,
§4,"外腹斜筋は正中線から 4 横指位離れた所で板状の腱である [ 1 ] に移行し、ここから内側では浅腹筋膜が固く腱膜に癒着するので剥ぎにくくなる",腱膜,aponeurosis,,,,
§4,"外腹斜筋の腱膜は正中に近い所で [ 1 ] の [ 2 ] の一部となる",腹直筋鞘,vagina m.recti abdominis,前葉,lamina anterior,,
§5,"複数の神経のそれぞれの枝の間が複雑に吻合して「叢(くさむら)」のようになったものが [ 1 ] である",神経叢,nerve plexus,,,,
§5,"第1～4頚神経の前枝が吻合して形成されるのが [ 1 ] であり、具体的にその枝として鎖骨上神経・頚横神経・大耳介神経・小後頭神経が作られる",頚神経叢,plexus cervicalis,,,,
§5,"[ 1 ] を更に上の方へ薄くはがし下顎骨の下縁までめくり返すと 7 つの構造を観察できる",広頚筋,platysma,,,,
§5,"広頚筋の深層において、一部が広頚筋を貫いている皮神経が [ 1 ] である",鎖骨上神経,nn.supraclaviculares,,,,
§5,"広頚筋の深層において、変異に富むため図譜と違うことの多い前頚部を縦に走る皮静脈が [ 1 ] である",前頚静脈,v.jugularis anterior,,,,
§5,"広頚筋の深層において、 [ 1 ] を斜めに横切って側頚部を縦に走る [ 2 ] は前頚静脈と吻合することが多い",胸鎖乳突筋,m.sternocleidomastoideus,外頚静脈,v.jugularis externa,,
§5,"広頚筋の深層において、 [ 1 ] は胸鎖乳突筋のほぼ中央を横切って前走し、前頚部の皮膚に分布する",頚横神経,n.transversus colli,,,,
§5,"広頚筋の深層において、外頚静脈に沿って何個か存在するリンパ節が [ 1 ] である",浅頚リンパ節,lnn.cervicales superficiales,,,,
§5,"広頚筋の深層において、胸鎖乳突筋を斜めに横切って上行し、耳介の付近の皮膚に分布するのが [ 1 ] である",大耳介神経,n.auricularis magnus,,,,
§5,"広頚筋の深層において、胸鎖乳突筋の後縁から皮下に現れる頚神経叢の枝として [ 1 ] がある",小後頭神経,n.occipitalis minor,,,,
§5,"広頚筋の深層において、下顎角のやや下で弓形に走って広頚筋の裏側から広頚筋に分布する [ 1 ] は皮神経ではないがしばしば頚横神経と吻合している",顔面神経の頚枝,r.colli n.facialis,,,,
§5,"顔面神経の頚枝を元の方に辿るとそれが黄褐色をした [ 1 ] を貫いて出ている",耳下腺,gl.parotis,,,,
§5,"耳下腺の後縁に沿って [ 1 ] が上行している",大耳介神経,n.auricularis magnus,,,,
§5,"下顎角に近い下顎骨下縁の下内側方に結合組織の膜に包まれた [ 1 ] という腺独特の黄褐色の細かい小葉に分かれた外観を呈する唾液腺の一つがあり、その付近には [ 2 ] がある",顎下腺,gl.submandibularis,顎下リンパ節,lnn.submandibulares,,
§5,"[ 1 ] の後縁では頚神経叢の枝である鎖骨上神経・頚横神経・大耳介神経が出てくる所を確認できる",胸鎖乳突筋,m.sternocleidomastoideus,,,,
§5,"胸鎖乳突筋の起始は胸骨と鎖骨で、停止は外耳孔後方の [ 1 ] だけでなく後頭骨にも達する",乳様突起,proc.mastoideus,,,,
§5,"片方の胸鎖乳突筋が先天的に短い場合や出産時の外傷等により瘢痕化して短縮すると、頭は病側へ傾くと共に健側に捻れたままの状態の [ 1 ] になる",斜頚,torticollis,,,,
§5,"胸鎖乳突筋の後縁に沿ってやや深部をのぼると後頭部の皮膚に向かう頚神経叢の枝の一つである [ 1 ] を部出できる",小後頭神経,n.occipitalis minor,,,,
§5,"鎖骨の外側端近くの上の方で [ 1 ] の前縁を部出され、鎖骨の上約 2 横指でこれと交叉するのが 第 [ 2 ] 脳神経である [ 3 ] である",僧帽筋,m.trapezius,11,,副神経,n.accessorius
§5,"僧帽筋を支配する神経としては副神経のほかに [ 1 ] の枝も存在する",頚神経叢,plexus cervicalis,,,,